IP,Location
212.30.37.2,Netherlands-GSL Networks Pty LTD-GSL Networks Pty LTD-52.37018.4.87326
212.30.37.199,Netherlands-GSL Networks Pty LTD-GSL Networks Pty LTD-52.37018.4.87326
151.101.134.217,"United States-Fastly, Inc.-Fastly, Inc.-37.77712.-122.41964"
74.125.140.188,United States-Google LLC-Google LLC-37.42240.-122.08421
142.250.185.3,United States-Google LLC-Google LLC-37.42240.-122.08421
213.21.226.94,Latvia-Versija SIA-IPXO LIMITED-56.95213.24.12475
213.21.226.198,Latvia-Versija SIA-IPXO LIMITED-56.95213.24.12475
45.132.226.145,Switzerland-IPXO LIMITED-IPXO LIMITED-47.42954.8.57398
37.140.254.90,Switzerland-IPXO LIMITED-IPXO LIMITED-47.37700.8.53977
173.194.76.188,United States-Google LLC-Google LLC-37.42240.-122.08421
142.250.115.188,United States-Google LLC-Google LLC-37.42240.-122.08421
146.59.144.170,France-OVH SAS-OVH SAS-50.98721.2.12054
149.154.159.92,Germany-M247 Europe SRL-M247 Europe SRL-50.10610.8.64109
162.252.172.57,United States-EDIS GmbH-EDIS GmbH-40.71455.-74.00714
1.1.1.1,"United States-APNIC Research and Development-Cloudflare, Inc.-34.05361.-118.24550"
104.18.120.34,"United States-Cloudflare, Inc.-Cloudflare, Inc.-37.78035.-122.39059"
104.18.121.34,"United States-Cloudflare, Inc.-Cloudflare, Inc.-37.78035.-122.39059"
8.8.8.8,United States-Google LLC-Google LLC-37.42240.-122.08421
142.250.185.10,United States-Google LLC-Google LLC-37.42240.-122.08421
